"Locus","Mean_Post-operative","Mean_Pre-operative","Median_Post-operative","Median_Pre-operative","SD_Post-operative","SD_Pre-operative","N_Post-operative","N_Pre-operative","Mean_Diff","P_value","Significance"
"chr6.2842239",0.0539647074937713,0.148912932995612,0.0253136128845968,0.0432489094782402,0.072925763357058,0.168218686272639,35,19,-0.094948225501841,0.0286572455606561,"*"
"chr6.2842248",0.0589430467766754,0.158014604599576,0.0339161247614968,0.0471812080536912,0.0746209542700829,0.175225899183194,35,19,-0.0990715578229007,0.0282472663935397,"*"
"chr6.2842255",0.0578206322548855,0.15619418256004,0.027960046660834,0.0458989679521998,0.0762643553784541,0.174053075580266,35,19,-0.0983735503051547,0.0285699119273349,"*"
"chr6.2842270",0.0556935080794058,0.155888269777903,0.0270858430808689,0.045319264069264,0.0751602159822458,0.173048545533583,35,19,-0.100194761698498,0.0252013169662267,"*"
"chr6.2842272",0.0565907715958241,0.158898247594527,0.0270060530808629,0.0480587759503909,0.0779937727979096,0.176517389251994,35,19,-0.102307475998703,0.0252212818908125,"*"
"chr6.2842302",0.0568242634465249,0.168607920622285,0.0257088983972731,0.0384186305954539,0.084855095800382,0.196371670879878,35,19,-0.11178365717576,0.0274337736129565,"*"
