"Statistic","Value"
"Moran's I",0.42009594679368
"Expected",-0.000227531285551763
"Variance",4.41248769970602e-05
"P-value",0
