"","Group","Spearman_corr","P_value","N"
"1","Cancer",-0.765150820168413,1.04434505201428e-96,497
"2","Normal",-0.714285714285714,1.44392445177724e-06,35
