"Gene","Spearman_corr","P_value","Sample_size"
"MMP2",-0.482965610015636,2.08293956634796e-30,497
"SNAI1",-0.363611757458343,5.56430593384868e-17,497
"MAPK3",-0.327901800005774,6.380820366015e-14,497
"TWIST1",0.254136202876441,9.1422139360837e-09,497
"MMP9",-0.174401902867103,9.29749840323913e-05,497
"MAPK1",-0.0412962210292892,0.358246780934743,497
